,first_file,second_file,similiar,P_value
0,www.ebay.com_www.priceme.co.nz.csv,buy.net_www.ebay.com.csv,1,0.16831683168316833
48,www.ebay.com_www.priceme.co.nz.csv,www.camerafarm.com.au_www.garricks.com.au.csv,1,0.0891089108910891
53,www.ebay.com_www.priceme.co.nz.csv,www.camerafarm.com.au_www.gosale.com.csv,1,0.1188118811881188
54,www.ebay.com_www.priceme.co.nz.csv,www.ebay.com_www.shopbot.com.au.csv,1,0.8613861386138614
60,www.ebay.com_www.priceme.co.nz.csv,www.garricks.com.au_www.gosale.com.csv,1,0.46534653465346537
145,buy.net_www.ebay.com.csv,www.ebay.com_www.priceme.co.nz.csv,1,0.12871287128712872
172,buy.net_www.ebay.com.csv,www.priceme.co.nz_www.pcconnection.com.csv,1,0.18811881188118812
188,buy.net_www.ebay.com.csv,www.shopbot.com.au_www.pcconnection.com.csv,1,0.22772277227722773
193,buy.net_www.ebay.com.csv,www.camerafarm.com.au_www.garricks.com.au.csv,1,0.0594059405940594
199,buy.net_www.ebay.com.csv,www.ebay.com_www.shopbot.com.au.csv,1,0.15841584158415842
205,buy.net_www.ebay.com.csv,www.garricks.com.au_www.gosale.com.csv,1,0.38613861386138615
348,www.eglobalcentral.co.uk_www.priceme.co.nz.csv,www.camerafarm.com.au_www.eglobalcentral.co.uk.csv,1,0.1782178217821782
354,www.eglobalcentral.co.uk_www.priceme.co.nz.csv,www.shopbot.com.au_www.eglobalcentral.co.uk.csv,1,0.25742574257425743
452,www.camerafarm.com.au_www.henrys.com.csv,www.camerafarm.com.au_www.mypriceindia.com.csv,1,0.37623762376237624
467,www.camerafarm.com.au_www.henrys.com.csv,www.shopbot.com.au_cammarkt.com.csv,1,0.16831683168316833
479,www.camerafarm.com.au_www.henrys.com.csv,buy.net_www.camerafarm.com.au.csv,1,0.6534653465346535
480,www.camerafarm.com.au_www.henrys.com.csv,www.camerafarm.com.au_www.price-hunt.com.csv,1,0.5346534653465347
483,www.camerafarm.com.au_www.henrys.com.csv,www.camerafarm.com.au_www.garricks.com.au.csv,1,0.0594059405940594
493,www.camerafarm.com.au_www.henrys.com.csv,www.camerafarm.com.au_www.eglobalcentral.co.uk.csv,1,0.297029702970297
503,www.camerafarm.com.au_www.henrys.com.csv,www.ilgs.net_www.priceme.co.nz.csv,1,0.09900990099009901
508,www.camerafarm.com.au_www.henrys.com.csv,www.garricks.com.au_www.ebay.com.csv,1,0.10891089108910891
538,www.camerafarm.com.au_www.henrys.com.csv,www.garricks.com.au_www.priceme.co.nz.csv,1,0.0594059405940594
547,www.camerafarm.com.au_www.henrys.com.csv,www.garricks.com.au_www.shopbot.com.au.csv,1,0.06930693069306931
554,www.camerafarm.com.au_www.henrys.com.csv,www.camerafarm.com.au_www.ilgs.net.csv,1,0.19801980198019803
559,www.camerafarm.com.au_www.henrys.com.csv,www.camerafarm.com.au_www.shopbot.com.au.csv,1,0.4752475247524752
568,www.camerafarm.com.au_www.henrys.com.csv,www.priceme.co.nz_cammarkt.com.csv,1,0.15841584158415842
579,www.camerafarm.com.au_www.henrys.com.csv,www.camerafarm.com.au_www.priceme.co.nz.csv,1,0.42574257425742573
1052,www.shopbot.com.au_www.price-hunt.com.csv,www.gosale.com_www.pcconnection.com.csv,1,0.39603960396039606
1087,www.shopbot.com.au_www.price-hunt.com.csv,www.price-hunt.com_www.priceme.co.nz.csv,1,0.7524752475247525
1340,www.mypriceindia.com_www.priceme.co.nz.csv,www.shopbot.com.au_www.mypriceindia.com.csv,1,0.42574257425742573
1352,www.mypriceindia.com_www.priceme.co.nz.csv,www.ilgs.net_www.shopbot.com.au.csv,1,0.13861386138613863
1353,www.mypriceindia.com_www.priceme.co.nz.csv,www.camerafarm.com.au_www.garricks.com.au.csv,1,0.15841584158415842
1355,www.mypriceindia.com_www.priceme.co.nz.csv,www.shopbot.com.au_www.priceme.co.nz.csv,1,0.07920792079207921
1373,www.mypriceindia.com_www.priceme.co.nz.csv,www.ilgs.net_www.priceme.co.nz.csv,1,0.0594059405940594
1424,www.mypriceindia.com_www.priceme.co.nz.csv,www.camerafarm.com.au_www.ilgs.net.csv,1,0.0594059405940594
1660,cammarkt.com_www.pcconnection.com.csv,www.mypriceindia.com_cammarkt.com.csv,1,0.42574257425742573
1710,cammarkt.com_www.pcconnection.com.csv,www.ilgs.net_www.mypriceindia.com.csv,1,0.26732673267326734
2513,www.gosale.com_www.eglobalcentral.co.uk.csv,www.camerafarm.com.au_www.garricks.com.au.csv,1,0.1782178217821782
2514,www.gosale.com_www.eglobalcentral.co.uk.csv,buy.net_www.priceme.co.nz.csv,1,0.7029702970297029
2525,www.gosale.com_www.eglobalcentral.co.uk.csv,www.garricks.com.au_www.gosale.com.csv,1,0.0594059405940594
2526,www.gosale.com_www.eglobalcentral.co.uk.csv,buy.net_www.shopbot.com.au.csv,1,0.40594059405940597
2613,www.camerafarm.com.au_www.mypriceindia.com.csv,www.camerafarm.com.au_www.henrys.com.csv,1,0.40594059405940597
2642,www.camerafarm.com.au_www.mypriceindia.com.csv,www.shopbot.com.au_cammarkt.com.csv,1,0.0891089108910891
2654,www.camerafarm.com.au_www.mypriceindia.com.csv,buy.net_www.camerafarm.com.au.csv,1,0.07920792079207921
2655,www.camerafarm.com.au_www.mypriceindia.com.csv,www.camerafarm.com.au_www.price-hunt.com.csv,1,0.12871287128712872
2668,www.camerafarm.com.au_www.mypriceindia.com.csv,www.camerafarm.com.au_www.eglobalcentral.co.uk.csv,1,0.801980198019802
2729,www.camerafarm.com.au_www.mypriceindia.com.csv,www.camerafarm.com.au_www.ilgs.net.csv,1,0.0594059405940594
2734,www.camerafarm.com.au_www.mypriceindia.com.csv,www.camerafarm.com.au_www.shopbot.com.au.csv,1,0.7821782178217822
2752,www.camerafarm.com.au_www.mypriceindia.com.csv,www.camerafarm.com.au_www.wexphotographic.com.csv,1,0.06930693069306931
2754,www.camerafarm.com.au_www.mypriceindia.com.csv,www.camerafarm.com.au_www.priceme.co.nz.csv,1,0.2376237623762376
2801,www.garricks.com.au_www.pcconnection.com.csv,www.wexphotographic.com_www.pcconnection.com.csv,1,0.16831683168316833
2873,www.garricks.com.au_www.pcconnection.com.csv,www.henrys.com_www.pcconnection.com.csv,1,0.06930693069306931
3160,www.camerafarm.com.au_www.pcconnection.com.csv,www.ilgs.net_www.mypriceindia.com.csv,1,0.1188118811881188
3242,www.garricks.com.au_www.henrys.com.csv,www.garricks.com.au_www.wexphotographic.com.csv,1,0.3069306930693069
3582,www.canon-europe.com_www.shopbot.com.au.csv,www.garricks.com.au_www.canon-europe.com.csv,1,0.12871287128712872
3586,www.canon-europe.com_www.shopbot.com.au.csv,www.camerafarm.com.au_www.canon-europe.com.csv,1,0.15841584158415842
4061,www.priceme.co.nz_www.pcconnection.com.csv,buy.net_www.ebay.com.csv,1,0.16831683168316833
4103,www.priceme.co.nz_www.pcconnection.com.csv,www.shopbot.com.au_www.pcconnection.com.csv,1,0.6435643564356436
4119,www.priceme.co.nz_www.pcconnection.com.csv,www.ebay.com_www.pcconnection.com.csv,1,0.1188118811881188
4120,www.priceme.co.nz_www.pcconnection.com.csv,www.garricks.com.au_www.gosale.com.csv,1,0.07920792079207921
4586,www.wexphotographic.com_www.priceme.co.nz.csv,www.wexphotographic.com_www.shopbot.com.au.csv,1,0.9504950495049505
4632,www.wexphotographic.com_www.priceme.co.nz.csv,www.shopbot.com.au_www.henrys.com.csv,1,0.0891089108910891
4634,www.wexphotographic.com_www.priceme.co.nz.csv,www.henrys.com_www.priceme.co.nz.csv,1,0.0594059405940594
4788,www.shopbot.com.au_cammarkt.com.csv,www.camerafarm.com.au_www.henrys.com.csv,1,0.0891089108910891
4803,www.shopbot.com.au_cammarkt.com.csv,www.camerafarm.com.au_www.mypriceindia.com.csv,1,0.07920792079207921
4829,www.shopbot.com.au_cammarkt.com.csv,buy.net_www.camerafarm.com.au.csv,1,0.13861386138613863
4830,www.shopbot.com.au_cammarkt.com.csv,www.camerafarm.com.au_www.price-hunt.com.csv,1,0.07920792079207921
4843,www.shopbot.com.au_cammarkt.com.csv,www.camerafarm.com.au_www.eglobalcentral.co.uk.csv,1,0.13861386138613863
4888,www.shopbot.com.au_cammarkt.com.csv,www.garricks.com.au_www.priceme.co.nz.csv,1,0.1782178217821782
4897,www.shopbot.com.au_cammarkt.com.csv,www.garricks.com.au_www.shopbot.com.au.csv,1,0.40594059405940597
4909,www.shopbot.com.au_cammarkt.com.csv,www.camerafarm.com.au_www.shopbot.com.au.csv,1,0.0594059405940594
4918,www.shopbot.com.au_cammarkt.com.csv,www.priceme.co.nz_cammarkt.com.csv,1,0.25742574257425743
4929,www.shopbot.com.au_cammarkt.com.csv,www.camerafarm.com.au_www.priceme.co.nz.csv,1,0.2376237623762376
5229,www.shopbot.com.au_www.mypriceindia.com.csv,www.mypriceindia.com_www.priceme.co.nz.csv,1,0.42574257425742573
5268,www.shopbot.com.au_www.mypriceindia.com.csv,www.camerafarm.com.au_www.garricks.com.au.csv,1,0.09900990099009901
5270,www.shopbot.com.au_www.mypriceindia.com.csv,www.shopbot.com.au_www.priceme.co.nz.csv,1,0.09900990099009901
5339,www.shopbot.com.au_www.mypriceindia.com.csv,www.camerafarm.com.au_www.ilgs.net.csv,1,0.06930693069306931
5517,www.gosale.com_www.pcconnection.com.csv,www.shopbot.com.au_www.price-hunt.com.csv,1,0.4158415841584158
5541,www.gosale.com_www.pcconnection.com.csv,www.wexphotographic.com_www.priceme.co.nz.csv,1,0.0594059405940594
5582,www.gosale.com_www.pcconnection.com.csv,www.price-hunt.com_www.priceme.co.nz.csv,1,0.33663366336633666
5601,www.gosale.com_www.pcconnection.com.csv,www.wexphotographic.com_www.shopbot.com.au.csv,1,0.06930693069306931
6242,www.gosale.com_www.mypriceindia.com.csv,www.shopbot.com.au_www.price-hunt.com.csv,1,0.0594059405940594
6381,www.shopbot.com.au_www.pcconnection.com.csv,buy.net_www.ebay.com.csv,1,0.24752475247524752
6408,www.shopbot.com.au_www.pcconnection.com.csv,www.priceme.co.nz_www.pcconnection.com.csv,1,0.7722772277227723
6434,www.shopbot.com.au_www.pcconnection.com.csv,www.ebay.com_www.shopbot.com.au.csv,1,0.0594059405940594
6439,www.shopbot.com.au_www.pcconnection.com.csv,www.ebay.com_www.pcconnection.com.csv,1,0.06930693069306931
6440,www.shopbot.com.au_www.pcconnection.com.csv,www.garricks.com.au_www.gosale.com.csv,1,0.16831683168316833
6528,buy.net_www.camerafarm.com.au.csv,www.camerafarm.com.au_www.henrys.com.csv,1,0.5742574257425742
6543,buy.net_www.camerafarm.com.au.csv,www.camerafarm.com.au_www.mypriceindia.com.csv,1,0.1782178217821782
6558,buy.net_www.camerafarm.com.au.csv,www.shopbot.com.au_cammarkt.com.csv,1,0.07920792079207921
6570,buy.net_www.camerafarm.com.au.csv,www.camerafarm.com.au_www.price-hunt.com.csv,1,0.49504950495049505
6572,buy.net_www.camerafarm.com.au.csv,www.ilgs.net_www.shopbot.com.au.csv,1,0.1188118811881188
6573,buy.net_www.camerafarm.com.au.csv,www.camerafarm.com.au_www.garricks.com.au.csv,1,0.1782178217821782
6575,buy.net_www.camerafarm.com.au.csv,www.shopbot.com.au_www.priceme.co.nz.csv,1,0.0594059405940594
6583,buy.net_www.camerafarm.com.au.csv,www.camerafarm.com.au_www.eglobalcentral.co.uk.csv,1,0.09900990099009901
6587,buy.net_www.camerafarm.com.au.csv,www.ebay.com_www.mypriceindia.com.csv,1,0.07920792079207921
6593,buy.net_www.camerafarm.com.au.csv,www.ilgs.net_www.priceme.co.nz.csv,1,0.2376237623762376
6598,buy.net_www.camerafarm.com.au.csv,www.garricks.com.au_www.ebay.com.csv,1,0.1485148514851485
6628,buy.net_www.camerafarm.com.au.csv,www.garricks.com.au_www.priceme.co.nz.csv,1,0.2376237623762376
6637,buy.net_www.camerafarm.com.au.csv,www.garricks.com.au_www.shopbot.com.au.csv,1,0.09900990099009901
6644,buy.net_www.camerafarm.com.au.csv,www.camerafarm.com.au_www.ilgs.net.csv,1,0.38613861386138615
6649,buy.net_www.camerafarm.com.au.csv,www.camerafarm.com.au_www.shopbot.com.au.csv,1,0.16831683168316833
6658,buy.net_www.camerafarm.com.au.csv,www.priceme.co.nz_cammarkt.com.csv,1,0.13861386138613863
6669,buy.net_www.camerafarm.com.au.csv,www.camerafarm.com.au_www.priceme.co.nz.csv,1,0.40594059405940597
6673,www.camerafarm.com.au_www.price-hunt.com.csv,www.camerafarm.com.au_www.henrys.com.csv,1,0.5346534653465347
6688,www.camerafarm.com.au_www.price-hunt.com.csv,www.camerafarm.com.au_www.mypriceindia.com.csv,1,0.13861386138613863
6703,www.camerafarm.com.au_www.price-hunt.com.csv,www.shopbot.com.au_cammarkt.com.csv,1,0.09900990099009901
6715,www.camerafarm.com.au_www.price-hunt.com.csv,buy.net_www.camerafarm.com.au.csv,1,0.4752475247524752
6717,www.camerafarm.com.au_www.price-hunt.com.csv,www.ilgs.net_www.shopbot.com.au.csv,1,0.297029702970297
6718,www.camerafarm.com.au_www.price-hunt.com.csv,www.camerafarm.com.au_www.garricks.com.au.csv,1,0.22772277227722773
6720,www.camerafarm.com.au_www.price-hunt.com.csv,www.shopbot.com.au_www.priceme.co.nz.csv,1,0.16831683168316833
6728,www.camerafarm.com.au_www.price-hunt.com.csv,www.camerafarm.com.au_www.eglobalcentral.co.uk.csv,1,0.1188118811881188
6732,www.camerafarm.com.au_www.price-hunt.com.csv,www.ebay.com_www.mypriceindia.com.csv,1,0.27722772277227725
6738,www.camerafarm.com.au_www.price-hunt.com.csv,www.ilgs.net_www.priceme.co.nz.csv,1,0.3465346534653465
6743,www.camerafarm.com.au_www.price-hunt.com.csv,www.garricks.com.au_www.ebay.com.csv,1,0.27722772277227725
6745,www.camerafarm.com.au_www.price-hunt.com.csv,www.camerafarm.com.au_www.ebay.com.csv,1,0.07920792079207921
6773,www.camerafarm.com.au_www.price-hunt.com.csv,www.garricks.com.au_www.priceme.co.nz.csv,1,0.15841584158415842
6782,www.camerafarm.com.au_www.price-hunt.com.csv,www.garricks.com.au_www.shopbot.com.au.csv,1,0.0891089108910891
6789,www.camerafarm.com.au_www.price-hunt.com.csv,www.camerafarm.com.au_www.ilgs.net.csv,1,0.801980198019802
6794,www.camerafarm.com.au_www.price-hunt.com.csv,www.camerafarm.com.au_www.shopbot.com.au.csv,1,0.19801980198019803
6803,www.camerafarm.com.au_www.price-hunt.com.csv,www.priceme.co.nz_cammarkt.com.csv,1,0.15841584158415842
6804,www.camerafarm.com.au_www.price-hunt.com.csv,www.buzzillions.com_www.camerafarm.com.au.csv,1,0.0594059405940594
6814,www.camerafarm.com.au_www.price-hunt.com.csv,www.camerafarm.com.au_www.priceme.co.nz.csv,1,0.31683168316831684
6834,www.wexphotographic.com_www.pcconnection.com.csv,www.garricks.com.au_www.pcconnection.com.csv,1,0.06930693069306931
6933,www.wexphotographic.com_www.pcconnection.com.csv,www.henrys.com_www.pcconnection.com.csv,1,0.33663366336633666
6969,www.ilgs.net_www.shopbot.com.au.csv,www.mypriceindia.com_www.priceme.co.nz.csv,1,0.0891089108910891
7005,www.ilgs.net_www.shopbot.com.au.csv,buy.net_www.camerafarm.com.au.csv,1,0.12871287128712872
7006,www.ilgs.net_www.shopbot.com.au.csv,www.camerafarm.com.au_www.price-hunt.com.csv,1,0.19801980198019803
7008,www.ilgs.net_www.shopbot.com.au.csv,www.camerafarm.com.au_www.garricks.com.au.csv,1,0.7128712871287128
7010,www.ilgs.net_www.shopbot.com.au.csv,www.shopbot.com.au_www.priceme.co.nz.csv,1,0.07920792079207921
7022,www.ilgs.net_www.shopbot.com.au.csv,www.ebay.com_www.mypriceindia.com.csv,1,0.4752475247524752
7028,www.ilgs.net_www.shopbot.com.au.csv,www.ilgs.net_www.priceme.co.nz.csv,1,0.5742574257425742
7033,www.ilgs.net_www.shopbot.com.au.csv,www.garricks.com.au_www.ebay.com.csv,1,0.07920792079207921
7079,www.ilgs.net_www.shopbot.com.au.csv,www.camerafarm.com.au_www.ilgs.net.csv,1,0.40594059405940597
7105,www.camerafarm.com.au_www.garricks.com.au.csv,www.ebay.com_www.priceme.co.nz.csv,1,0.06930693069306931
7108,www.camerafarm.com.au_www.garricks.com.au.csv,www.camerafarm.com.au_www.henrys.com.csv,1,0.09900990099009901
7114,www.camerafarm.com.au_www.garricks.com.au.csv,www.mypriceindia.com_www.priceme.co.nz.csv,1,0.26732673267326734
7122,www.camerafarm.com.au_www.garricks.com.au.csv,www.gosale.com_www.eglobalcentral.co.uk.csv,1,0.21782178217821782
7141,www.camerafarm.com.au_www.garricks.com.au.csv,www.shopbot.com.au_www.mypriceindia.com.csv,1,0.1188118811881188
7150,www.camerafarm.com.au_www.garricks.com.au.csv,buy.net_www.camerafarm.com.au.csv,1,0.2376237623762376
7151,www.camerafarm.com.au_www.garricks.com.au.csv,www.camerafarm.com.au_www.price-hunt.com.csv,1,0.2376237623762376
7153,www.camerafarm.com.au_www.garricks.com.au.csv,www.ilgs.net_www.shopbot.com.au.csv,1,0.6039603960396039
7154,www.camerafarm.com.au_www.garricks.com.au.csv,buy.net_www.priceme.co.nz.csv,1,0.12871287128712872
7155,www.camerafarm.com.au_www.garricks.com.au.csv,www.shopbot.com.au_www.priceme.co.nz.csv,1,0.15841584158415842
7158,www.camerafarm.com.au_www.garricks.com.au.csv,www.camerafarm.com.au_www.gosale.com.csv,1,0.09900990099009901
7165,www.camerafarm.com.au_www.garricks.com.au.csv,www.garricks.com.au_www.gosale.com.csv,1,0.10891089108910891
7166,www.camerafarm.com.au_www.garricks.com.au.csv,buy.net_www.shopbot.com.au.csv,1,0.0594059405940594
7167,www.camerafarm.com.au_www.garricks.com.au.csv,www.ebay.com_www.mypriceindia.com.csv,1,0.6039603960396039
7173,www.camerafarm.com.au_www.garricks.com.au.csv,www.ilgs.net_www.priceme.co.nz.csv,1,0.45544554455445546
7178,www.camerafarm.com.au_www.garricks.com.au.csv,www.garricks.com.au_www.ebay.com.csv,1,0.2079207920792079
7180,www.camerafarm.com.au_www.garricks.com.au.csv,www.camerafarm.com.au_www.ebay.com.csv,1,0.26732673267326734
7208,www.camerafarm.com.au_www.garricks.com.au.csv,www.garricks.com.au_www.priceme.co.nz.csv,1,0.07920792079207921
7224,www.camerafarm.com.au_www.garricks.com.au.csv,www.camerafarm.com.au_www.ilgs.net.csv,1,0.3069306930693069
7238,www.camerafarm.com.au_www.garricks.com.au.csv,www.priceme.co.nz_cammarkt.com.csv,1,0.0594059405940594
7239,www.camerafarm.com.au_www.garricks.com.au.csv,www.buzzillions.com_www.camerafarm.com.au.csv,1,0.19801980198019803
7267,buy.net_www.priceme.co.nz.csv,www.gosale.com_www.eglobalcentral.co.uk.csv,1,0.7722772277227723
7299,buy.net_www.priceme.co.nz.csv,www.camerafarm.com.au_www.garricks.com.au.csv,1,0.1188118811881188
7311,buy.net_www.priceme.co.nz.csv,buy.net_www.shopbot.com.au.csv,1,0.4752475247524752
7404,www.shopbot.com.au_www.priceme.co.nz.csv,www.mypriceindia.com_www.priceme.co.nz.csv,1,0.1188118811881188
7431,www.shopbot.com.au_www.priceme.co.nz.csv,www.shopbot.com.au_www.mypriceindia.com.csv,1,0.06930693069306931
7440,www.shopbot.com.au_www.priceme.co.nz.csv,buy.net_www.camerafarm.com.au.csv,1,0.06930693069306931
7441,www.shopbot.com.au_www.priceme.co.nz.csv,www.camerafarm.com.au_www.price-hunt.com.csv,1,0.13861386138613863
7443,www.shopbot.com.au_www.priceme.co.nz.csv,www.ilgs.net_www.shopbot.com.au.csv,1,0.0891089108910891
7444,www.shopbot.com.au_www.priceme.co.nz.csv,www.camerafarm.com.au_www.garricks.com.au.csv,1,0.13861386138613863
7463,www.shopbot.com.au_www.priceme.co.nz.csv,www.ilgs.net_www.priceme.co.nz.csv,1,0.0594059405940594
7514,www.shopbot.com.au_www.priceme.co.nz.csv,www.camerafarm.com.au_www.ilgs.net.csv,1,0.1188118811881188
7528,www.shopbot.com.au_www.priceme.co.nz.csv,www.priceme.co.nz_cammarkt.com.csv,1,0.0594059405940594
7707,www.garricks.com.au_www.wexphotographic.com.csv,www.garricks.com.au_www.henrys.com.csv,1,0.4158415841584158
7830,www.camerafarm.com.au_www.gosale.com.csv,www.ebay.com_www.priceme.co.nz.csv,1,0.1188118811881188
7879,www.camerafarm.com.au_www.gosale.com.csv,www.camerafarm.com.au_www.garricks.com.au.csv,1,0.10891089108910891
7890,www.camerafarm.com.au_www.gosale.com.csv,www.garricks.com.au_www.gosale.com.csv,1,0.06930693069306931
7964,www.camerafarm.com.au_www.gosale.com.csv,www.buzzillions.com_www.camerafarm.com.au.csv,1,0.21782178217821782
7975,www.ebay.com_www.shopbot.com.au.csv,www.ebay.com_www.priceme.co.nz.csv,1,0.7821782178217822
7976,www.ebay.com_www.shopbot.com.au.csv,buy.net_www.ebay.com.csv,1,0.22772277227722773
8019,www.ebay.com_www.shopbot.com.au.csv,www.shopbot.com.au_www.pcconnection.com.csv,1,0.0594059405940594
8029,www.ebay.com_www.shopbot.com.au.csv,www.camerafarm.com.au_www.gosale.com.csv,1,0.07920792079207921
8035,www.ebay.com_www.shopbot.com.au.csv,www.garricks.com.au_www.gosale.com.csv,1,0.5247524752475248
8206,www.buzzillions.com_www.priceme.co.nz.csv,www.buzzillions.com_www.shopbot.com.au.csv,1,0.3564356435643564
8557,www.camerafarm.com.au_www.eglobalcentral.co.uk.csv,www.eglobalcentral.co.uk_www.priceme.co.nz.csv,1,0.19801980198019803
8558,www.camerafarm.com.au_www.eglobalcentral.co.uk.csv,www.camerafarm.com.au_www.henrys.com.csv,1,0.297029702970297
8573,www.camerafarm.com.au_www.eglobalcentral.co.uk.csv,www.camerafarm.com.au_www.mypriceindia.com.csv,1,0.7128712871287128
8588,www.camerafarm.com.au_www.eglobalcentral.co.uk.csv,www.shopbot.com.au_cammarkt.com.csv,1,0.16831683168316833
8600,www.camerafarm.com.au_www.eglobalcentral.co.uk.csv,buy.net_www.camerafarm.com.au.csv,1,0.1188118811881188
8601,www.camerafarm.com.au_www.eglobalcentral.co.uk.csv,www.camerafarm.com.au_www.price-hunt.com.csv,1,0.0891089108910891
8619,www.camerafarm.com.au_www.eglobalcentral.co.uk.csv,www.shopbot.com.au_www.eglobalcentral.co.uk.csv,1,0.1485148514851485
8679,www.camerafarm.com.au_www.eglobalcentral.co.uk.csv,www.camerafarm.com.au_www.shopbot.com.au.csv,1,0.5445544554455446
8697,www.camerafarm.com.au_www.eglobalcentral.co.uk.csv,www.camerafarm.com.au_www.wexphotographic.com.csv,1,0.13861386138613863
8699,www.camerafarm.com.au_www.eglobalcentral.co.uk.csv,www.camerafarm.com.au_www.priceme.co.nz.csv,1,0.31683168316831684
8744,www.ebay.com_www.pcconnection.com.csv,www.shopbot.com.au_www.pcconnection.com.csv,1,0.10891089108910891
8845,www.garricks.com.au_www.gosale.com.csv,www.ebay.com_www.priceme.co.nz.csv,1,0.38613861386138615
8846,www.garricks.com.au_www.gosale.com.csv,buy.net_www.ebay.com.csv,1,0.40594059405940597
8873,www.garricks.com.au_www.gosale.com.csv,www.priceme.co.nz_www.pcconnection.com.csv,1,0.0891089108910891
8889,www.garricks.com.au_www.gosale.com.csv,www.shopbot.com.au_www.pcconnection.com.csv,1,0.0891089108910891
8894,www.garricks.com.au_www.gosale.com.csv,www.camerafarm.com.au_www.garricks.com.au.csv,1,0.10891089108910891
8895,www.garricks.com.au_www.gosale.com.csv,buy.net_www.priceme.co.nz.csv,1,0.07920792079207921
8899,www.garricks.com.au_www.gosale.com.csv,www.camerafarm.com.au_www.gosale.com.csv,1,0.07920792079207921
8900,www.garricks.com.au_www.gosale.com.csv,www.ebay.com_www.shopbot.com.au.csv,1,0.40594059405940597
9007,buy.net_www.shopbot.com.au.csv,www.gosale.com_www.eglobalcentral.co.uk.csv,1,0.42574257425742573
9039,buy.net_www.shopbot.com.au.csv,www.camerafarm.com.au_www.garricks.com.au.csv,1,0.06930693069306931
9040,buy.net_www.shopbot.com.au.csv,buy.net_www.priceme.co.nz.csv,1,0.42574257425742573
9181,www.ebay.com_www.mypriceindia.com.csv,www.camerafarm.com.au_www.price-hunt.com.csv,1,0.1782178217821782
9183,www.ebay.com_www.mypriceindia.com.csv,www.ilgs.net_www.shopbot.com.au.csv,1,0.5148514851485149
9184,www.ebay.com_www.mypriceindia.com.csv,www.camerafarm.com.au_www.garricks.com.au.csv,1,0.6435643564356436
9203,www.ebay.com_www.mypriceindia.com.csv,www.ilgs.net_www.priceme.co.nz.csv,1,0.38613861386138615
9254,www.ebay.com_www.mypriceindia.com.csv,www.camerafarm.com.au_www.ilgs.net.csv,1,0.37623762376237624
9269,www.ebay.com_www.mypriceindia.com.csv,www.buzzillions.com_www.camerafarm.com.au.csv,1,0.06930693069306931
9427,www.shopbot.com.au_www.eglobalcentral.co.uk.csv,www.eglobalcentral.co.uk_www.priceme.co.nz.csv,1,0.19801980198019803
9484,www.shopbot.com.au_www.eglobalcentral.co.uk.csv,www.camerafarm.com.au_www.eglobalcentral.co.uk.csv,1,0.0594059405940594
9581,www.mypriceindia.com_cammarkt.com.csv,cammarkt.com_www.pcconnection.com.csv,1,0.38613861386138615
9685,www.mypriceindia.com_cammarkt.com.csv,www.ilgs.net_www.mypriceindia.com.csv,1,0.10891089108910891
10050,www.ilgs.net_www.priceme.co.nz.csv,buy.net_www.camerafarm.com.au.csv,1,0.24752475247524752
10051,www.ilgs.net_www.priceme.co.nz.csv,www.camerafarm.com.au_www.price-hunt.com.csv,1,0.25742574257425743
10053,www.ilgs.net_www.priceme.co.nz.csv,www.ilgs.net_www.shopbot.com.au.csv,1,0.594059405940594
10054,www.ilgs.net_www.priceme.co.nz.csv,www.camerafarm.com.au_www.garricks.com.au.csv,1,0.4752475247524752
10056,www.ilgs.net_www.priceme.co.nz.csv,www.shopbot.com.au_www.priceme.co.nz.csv,1,0.07920792079207921
10068,www.ilgs.net_www.priceme.co.nz.csv,www.ebay.com_www.mypriceindia.com.csv,1,0.26732673267326734
10078,www.ilgs.net_www.priceme.co.nz.csv,www.garricks.com.au_www.ebay.com.csv,1,0.10891089108910891
10124,www.ilgs.net_www.priceme.co.nz.csv,www.camerafarm.com.au_www.ilgs.net.csv,1,0.49504950495049505
10572,www.eglobalcentral.co.uk_www.price-hunt.com.csv,www.wexphotographic.com_www.eglobalcentral.co.uk.csv,1,0.0594059405940594
10592,www.price-hunt.com_www.priceme.co.nz.csv,www.shopbot.com.au_www.price-hunt.com.csv,1,0.6831683168316832
10623,www.price-hunt.com_www.priceme.co.nz.csv,www.gosale.com_www.pcconnection.com.csv,1,0.33663366336633666
10733,www.garricks.com.au_www.ebay.com.csv,www.camerafarm.com.au_www.henrys.com.csv,1,0.09900990099009901
10775,www.garricks.com.au_www.ebay.com.csv,buy.net_www.camerafarm.com.au.csv,1,0.24752475247524752
10776,www.garricks.com.au_www.ebay.com.csv,www.camerafarm.com.au_www.price-hunt.com.csv,1,0.42574257425742573
10778,www.garricks.com.au_www.ebay.com.csv,www.ilgs.net_www.shopbot.com.au.csv,1,0.10891089108910891
10779,www.garricks.com.au_www.ebay.com.csv,www.camerafarm.com.au_www.garricks.com.au.csv,1,0.3069306930693069
10793,www.garricks.com.au_www.ebay.com.csv,www.ebay.com_www.mypriceindia.com.csv,1,0.0594059405940594
10849,www.garricks.com.au_www.ebay.com.csv,www.camerafarm.com.au_www.ilgs.net.csv,1,0.3465346534653465
11066,www.camerafarm.com.au_www.ebay.com.csv,www.camerafarm.com.au_www.price-hunt.com.csv,1,0.12871287128712872
11069,www.camerafarm.com.au_www.ebay.com.csv,www.camerafarm.com.au_www.garricks.com.au.csv,1,0.3465346534653465
11139,www.camerafarm.com.au_www.ebay.com.csv,www.camerafarm.com.au_www.ilgs.net.csv,1,0.1782178217821782
11154,www.camerafarm.com.au_www.ebay.com.csv,www.buzzillions.com_www.camerafarm.com.au.csv,1,0.26732673267326734
12346,www.camerafarm.com.au_cammarkt.com.csv,www.camerafarm.com.au_www.pcconnection.com.csv,1,0.06930693069306931
12671,www.buzzillions.com_www.shopbot.com.au.csv,www.buzzillions.com_www.priceme.co.nz.csv,1,0.2871287128712871
13371,www.wexphotographic.com_www.shopbot.com.au.csv,www.wexphotographic.com_www.priceme.co.nz.csv,1,0.900990099009901
13462,www.wexphotographic.com_www.shopbot.com.au.csv,www.wexphotographic.com_www.gosale.com.csv,1,0.06930693069306931
13477,www.wexphotographic.com_www.shopbot.com.au.csv,www.shopbot.com.au_www.henrys.com.csv,1,0.07920792079207921
13770,www.canon-europe.com_www.priceme.co.nz.csv,www.canon-europe.com_www.gosale.com.csv,1,0.1188118811881188
14062,www.eglobalcentral.co.uk_www.mypriceindia.com.csv,www.camerafarm.com.au_www.wexphotographic.com.csv,1,0.2079207920792079
14253,www.gosale.com_www.priceme.co.nz.csv,www.gosale.com_www.mypriceindia.com.csv,1,0.0891089108910891
14315,www.gosale.com_www.priceme.co.nz.csv,www.shopbot.com.au_www.gosale.com.csv,1,0.1188118811881188
14345,www.gosale.com_www.priceme.co.nz.csv,buy.net_www.gosale.com.csv,1,0.09900990099009901
14959,www.garricks.com.au_www.canon-europe.com.csv,www.canon-europe.com_www.shopbot.com.au.csv,1,0.16831683168316833
15041,www.garricks.com.au_www.canon-europe.com.csv,www.camerafarm.com.au_www.canon-europe.com.csv,1,0.5742574257425742
15113,www.garricks.com.au_www.priceme.co.nz.csv,www.shopbot.com.au_cammarkt.com.csv,1,0.1782178217821782
15125,www.garricks.com.au_www.priceme.co.nz.csv,buy.net_www.camerafarm.com.au.csv,1,0.09900990099009901
15126,www.garricks.com.au_www.priceme.co.nz.csv,www.camerafarm.com.au_www.price-hunt.com.csv,1,0.1485148514851485
15129,www.garricks.com.au_www.priceme.co.nz.csv,www.camerafarm.com.au_www.garricks.com.au.csv,1,0.0891089108910891
15131,www.garricks.com.au_www.priceme.co.nz.csv,www.shopbot.com.au_www.priceme.co.nz.csv,1,0.06930693069306931
15192,www.garricks.com.au_www.priceme.co.nz.csv,www.garricks.com.au_www.shopbot.com.au.csv,1,0.49504950495049505
15199,www.garricks.com.au_www.priceme.co.nz.csv,www.camerafarm.com.au_www.ilgs.net.csv,1,0.0891089108910891
15213,www.garricks.com.au_www.priceme.co.nz.csv,www.priceme.co.nz_cammarkt.com.csv,1,0.8613861386138614
15224,www.garricks.com.au_www.priceme.co.nz.csv,www.camerafarm.com.au_www.priceme.co.nz.csv,1,0.09900990099009901
15468,www.shopbot.com.au_www.gosale.com.csv,www.gosale.com_www.priceme.co.nz.csv,1,0.09900990099009901
15505,www.shopbot.com.au_www.gosale.com.csv,buy.net_www.gosale.com.csv,1,0.8415841584158416
15539,www.camerafarm.com.au_www.canon-europe.com.csv,www.canon-europe.com_www.shopbot.com.au.csv,1,0.18811881188118812
15618,www.camerafarm.com.au_www.canon-europe.com.csv,www.garricks.com.au_www.canon-europe.com.csv,1,0.594059405940594
16355,www.ilgs.net_www.pcconnection.com.csv,www.ilgs.net_www.mypriceindia.com.csv,1,0.1782178217821782
16388,www.garricks.com.au_www.shopbot.com.au.csv,www.camerafarm.com.au_www.henrys.com.csv,1,0.0594059405940594
16418,www.garricks.com.au_www.shopbot.com.au.csv,www.shopbot.com.au_cammarkt.com.csv,1,0.46534653465346537
16430,www.garricks.com.au_www.shopbot.com.au.csv,buy.net_www.camerafarm.com.au.csv,1,0.18811881188118812
16431,www.garricks.com.au_www.shopbot.com.au.csv,www.camerafarm.com.au_www.price-hunt.com.csv,1,0.2079207920792079
16444,www.garricks.com.au_www.shopbot.com.au.csv,www.camerafarm.com.au_www.eglobalcentral.co.uk.csv,1,0.0891089108910891
16489,www.garricks.com.au_www.shopbot.com.au.csv,www.garricks.com.au_www.priceme.co.nz.csv,1,0.5247524752475248
16504,www.garricks.com.au_www.shopbot.com.au.csv,www.camerafarm.com.au_www.ilgs.net.csv,1,0.10891089108910891
16518,www.garricks.com.au_www.shopbot.com.au.csv,www.priceme.co.nz_cammarkt.com.csv,1,0.693069306930693
16529,www.garricks.com.au_www.shopbot.com.au.csv,www.camerafarm.com.au_www.priceme.co.nz.csv,1,0.13861386138613863
16831,www.ilgs.net_www.mypriceindia.com.csv,cammarkt.com_www.pcconnection.com.csv,1,0.2376237623762376
16841,www.ilgs.net_www.mypriceindia.com.csv,www.camerafarm.com.au_www.pcconnection.com.csv,1,0.09900990099009901
16886,www.ilgs.net_www.mypriceindia.com.csv,www.mypriceindia.com_cammarkt.com.csv,1,0.0594059405940594
16932,www.ilgs.net_www.mypriceindia.com.csv,www.ilgs.net_www.pcconnection.com.csv,1,0.10891089108910891
17274,www.henrys.com_www.pcconnection.com.csv,www.garricks.com.au_www.pcconnection.com.csv,1,0.0891089108910891
17302,www.henrys.com_www.pcconnection.com.csv,www.wexphotographic.com_www.pcconnection.com.csv,1,0.27722772277227725
17403,www.camerafarm.com.au_www.ilgs.net.csv,www.camerafarm.com.au_www.henrys.com.csv,1,0.26732673267326734
17409,www.camerafarm.com.au_www.ilgs.net.csv,www.mypriceindia.com_www.priceme.co.nz.csv,1,0.13861386138613863
17436,www.camerafarm.com.au_www.ilgs.net.csv,www.shopbot.com.au_www.mypriceindia.com.csv,1,0.06930693069306931
17445,www.camerafarm.com.au_www.ilgs.net.csv,buy.net_www.camerafarm.com.au.csv,1,0.33663366336633666
17446,www.camerafarm.com.au_www.ilgs.net.csv,www.camerafarm.com.au_www.price-hunt.com.csv,1,0.7821782178217822
17448,www.camerafarm.com.au_www.ilgs.net.csv,www.ilgs.net_www.shopbot.com.au.csv,1,0.37623762376237624
17449,www.camerafarm.com.au_www.ilgs.net.csv,www.camerafarm.com.au_www.garricks.com.au.csv,1,0.3564356435643564
17450,www.camerafarm.com.au_www.ilgs.net.csv,buy.net_www.priceme.co.nz.csv,1,0.0594059405940594
17451,www.camerafarm.com.au_www.ilgs.net.csv,www.shopbot.com.au_www.priceme.co.nz.csv,1,0.15841584158415842
17463,www.camerafarm.com.au_www.ilgs.net.csv,www.ebay.com_www.mypriceindia.com.csv,1,0.43564356435643564
17469,www.camerafarm.com.au_www.ilgs.net.csv,www.ilgs.net_www.priceme.co.nz.csv,1,0.48514851485148514
17474,www.camerafarm.com.au_www.ilgs.net.csv,www.garricks.com.au_www.ebay.com.csv,1,0.37623762376237624
17476,www.camerafarm.com.au_www.ilgs.net.csv,www.camerafarm.com.au_www.ebay.com.csv,1,0.2376237623762376
17533,www.camerafarm.com.au_www.ilgs.net.csv,www.priceme.co.nz_cammarkt.com.csv,1,0.06930693069306931
17534,www.camerafarm.com.au_www.ilgs.net.csv,www.buzzillions.com_www.camerafarm.com.au.csv,1,0.13861386138613863
17544,www.camerafarm.com.au_www.ilgs.net.csv,www.camerafarm.com.au_www.priceme.co.nz.csv,1,0.1188118811881188
17866,www.wexphotographic.com_www.gosale.com.csv,www.wexphotographic.com_www.priceme.co.nz.csv,1,0.13861386138613863
17927,www.wexphotographic.com_www.gosale.com.csv,www.wexphotographic.com_www.shopbot.com.au.csv,1,0.06930693069306931
17962,www.wexphotographic.com_www.gosale.com.csv,www.gosale.com_www.henrys.com.csv,1,0.6633663366336634
17972,www.wexphotographic.com_www.gosale.com.csv,www.shopbot.com.au_www.henrys.com.csv,1,0.21782178217821782
17974,www.wexphotographic.com_www.gosale.com.csv,www.henrys.com_www.priceme.co.nz.csv,1,0.10891089108910891
18128,www.camerafarm.com.au_www.shopbot.com.au.csv,www.camerafarm.com.au_www.henrys.com.csv,1,0.49504950495049505
18143,www.camerafarm.com.au_www.shopbot.com.au.csv,www.camerafarm.com.au_www.mypriceindia.com.csv,1,0.7722772277227723
18158,www.camerafarm.com.au_www.shopbot.com.au.csv,www.shopbot.com.au_cammarkt.com.csv,1,0.10891089108910891
18170,www.camerafarm.com.au_www.shopbot.com.au.csv,buy.net_www.camerafarm.com.au.csv,1,0.19801980198019803
18171,www.camerafarm.com.au_www.shopbot.com.au.csv,www.camerafarm.com.au_www.price-hunt.com.csv,1,0.16831683168316833
18184,www.camerafarm.com.au_www.shopbot.com.au.csv,www.camerafarm.com.au_www.eglobalcentral.co.uk.csv,1,0.6138613861386139
18269,www.camerafarm.com.au_www.shopbot.com.au.csv,www.camerafarm.com.au_www.priceme.co.nz.csv,1,0.38613861386138615
18683,www.gosale.com_www.henrys.com.csv,www.wexphotographic.com_www.gosale.com.csv,1,0.6138613861386139
18697,www.gosale.com_www.henrys.com.csv,www.shopbot.com.au_www.henrys.com.csv,1,0.10891089108910891
18699,www.gosale.com_www.henrys.com.csv,www.henrys.com_www.priceme.co.nz.csv,1,0.1782178217821782
19463,www.priceme.co.nz_cammarkt.com.csv,www.shopbot.com.au_cammarkt.com.csv,1,0.21782178217821782
19475,www.priceme.co.nz_cammarkt.com.csv,buy.net_www.camerafarm.com.au.csv,1,0.1782178217821782
19476,www.priceme.co.nz_cammarkt.com.csv,www.camerafarm.com.au_www.price-hunt.com.csv,1,0.10891089108910891
19534,www.priceme.co.nz_cammarkt.com.csv,www.garricks.com.au_www.priceme.co.nz.csv,1,0.8316831683168316
19543,www.priceme.co.nz_cammarkt.com.csv,www.garricks.com.au_www.shopbot.com.au.csv,1,0.6732673267326733
19550,www.priceme.co.nz_cammarkt.com.csv,www.camerafarm.com.au_www.ilgs.net.csv,1,0.0891089108910891
19621,www.buzzillions.com_www.camerafarm.com.au.csv,www.camerafarm.com.au_www.price-hunt.com.csv,1,0.0891089108910891
19624,www.buzzillions.com_www.camerafarm.com.au.csv,www.camerafarm.com.au_www.garricks.com.au.csv,1,0.13861386138613863
19629,www.buzzillions.com_www.camerafarm.com.au.csv,www.camerafarm.com.au_www.gosale.com.csv,1,0.21782178217821782
19651,www.buzzillions.com_www.camerafarm.com.au.csv,www.camerafarm.com.au_www.ebay.com.csv,1,0.2871287128712871
19695,www.buzzillions.com_www.camerafarm.com.au.csv,www.camerafarm.com.au_www.ilgs.net.csv,1,0.1188118811881188
19818,buy.net_www.gosale.com.csv,www.gosale.com_www.priceme.co.nz.csv,1,0.0594059405940594
19826,buy.net_www.gosale.com.csv,www.shopbot.com.au_www.gosale.com.csv,1,0.7920792079207921
20041,www.shopbot.com.au_www.henrys.com.csv,www.wexphotographic.com_www.priceme.co.nz.csv,1,0.0594059405940594
20102,www.shopbot.com.au_www.henrys.com.csv,www.wexphotographic.com_www.shopbot.com.au.csv,1,0.0594059405940594
20133,www.shopbot.com.au_www.henrys.com.csv,www.wexphotographic.com_www.gosale.com.csv,1,0.15841584158415842
20138,www.shopbot.com.au_www.henrys.com.csv,www.gosale.com_www.henrys.com.csv,1,0.18811881188118812
20149,www.shopbot.com.au_www.henrys.com.csv,www.henrys.com_www.priceme.co.nz.csv,1,0.9900990099009901
20331,www.henrys.com_www.priceme.co.nz.csv,www.wexphotographic.com_www.priceme.co.nz.csv,1,0.06930693069306931
20423,www.henrys.com_www.priceme.co.nz.csv,www.wexphotographic.com_www.gosale.com.csv,1,0.1485148514851485
20428,www.henrys.com_www.priceme.co.nz.csv,www.gosale.com_www.henrys.com.csv,1,0.16831683168316833
20438,www.henrys.com_www.priceme.co.nz.csv,www.shopbot.com.au_www.henrys.com.csv,1,0.9900990099009901
20539,www.canon-europe.com_www.gosale.com.csv,www.canon-europe.com_www.priceme.co.nz.csv,1,0.21782178217821782
20753,www.camerafarm.com.au_www.wexphotographic.com.csv,www.camerafarm.com.au_www.mypriceindia.com.csv,1,0.06930693069306931
20794,www.camerafarm.com.au_www.wexphotographic.com.csv,www.camerafarm.com.au_www.eglobalcentral.co.uk.csv,1,0.09900990099009901
20800,www.camerafarm.com.au_www.wexphotographic.com.csv,www.shopbot.com.au_www.eglobalcentral.co.uk.csv,1,0.0594059405940594
20831,www.camerafarm.com.au_www.wexphotographic.com.csv,www.eglobalcentral.co.uk_www.mypriceindia.com.csv,1,0.19801980198019803
21028,www.camerafarm.com.au_www.priceme.co.nz.csv,www.camerafarm.com.au_www.henrys.com.csv,1,0.4158415841584158
21043,www.camerafarm.com.au_www.priceme.co.nz.csv,www.camerafarm.com.au_www.mypriceindia.com.csv,1,0.26732673267326734
21058,www.camerafarm.com.au_www.priceme.co.nz.csv,www.shopbot.com.au_cammarkt.com.csv,1,0.2376237623762376
21070,www.camerafarm.com.au_www.priceme.co.nz.csv,buy.net_www.camerafarm.com.au.csv,1,0.3465346534653465
21071,www.camerafarm.com.au_www.priceme.co.nz.csv,www.camerafarm.com.au_www.price-hunt.com.csv,1,0.2079207920792079
21084,www.camerafarm.com.au_www.priceme.co.nz.csv,www.camerafarm.com.au_www.eglobalcentral.co.uk.csv,1,0.27722772277227725
21129,www.camerafarm.com.au_www.priceme.co.nz.csv,www.garricks.com.au_www.priceme.co.nz.csv,1,0.12871287128712872
21138,www.camerafarm.com.au_www.priceme.co.nz.csv,www.garricks.com.au_www.shopbot.com.au.csv,1,0.2079207920792079
21145,www.camerafarm.com.au_www.priceme.co.nz.csv,www.camerafarm.com.au_www.ilgs.net.csv,1,0.0891089108910891
21150,www.camerafarm.com.au_www.priceme.co.nz.csv,www.camerafarm.com.au_www.shopbot.com.au.csv,1,0.46534653465346537
21159,www.camerafarm.com.au_www.priceme.co.nz.csv,www.priceme.co.nz_cammarkt.com.csv,1,0.0594059405940594
